{
  "gnn_only_apfd": 0.6668559016053294,
  "dnn_only_apfd": 0.5949746224084614,
  "best_alpha": 0.0,
  "best_val_apfd": 0.6234309824710937,
  "best_ensemble_apfd": 0.5949746224084614,
  "frozen_v3_apfd": 0.7611,
  "alpha_sweep": {
    "0.0": 0.5949746224084614,
    "0.1": 0.6436360494505795,
    "0.2": 0.6478349022823214,
    "0.3": 0.6475691381727435,
    "0.4": 0.6523559653378624,
    "0.5": 0.652015757709092,
    "0.6": 0.6540294411458163,
    "0.7": 0.6586338340921892,
    "0.8": 0.663047139360206,
    "0.9": 0.6644112012879825,
    "1.0": 0.6668559016053294
  },
  "alpha_val_sweep": {
    "0.0": 0.6234309824710937,
    "0.1": 0.6234309824710937,
    "0.2": 0.6234309824710937,
    "0.3": 0.6234309824710937,
    "0.4": 0.6234309824710937,
    "0.5": 0.6234309824710937,
    "0.6": 0.6234309824710937,
    "0.7": 0.6234309824710937,
    "0.8": 0.6234309824710937,
    "0.9": 0.6234309824710937,
    "1.0": 0.5412225036592481
  },
  "train_time_s": 43.252803564071655,
  "n_builds": 277
}